{
    "section1": {
        "files": [
            {
                "url": "src/scenes/Bomb.js",
                "type": "script",
                "key": "Bomb"
            },
            {
                "url": "src/scenes/Button.js",
                "type": "script",
                "key": "Button"
            },
            {
                "url": "src/constants.js",
                "type": "script",
                "key": "constants"
            },
            {
                "url": "src/scenes/Door.js",
                "type": "script",
                "key": "Door"
            },
            {
                "url": "src/scenes/Player.js",
                "type": "script",
                "key": "Player"
            }
        ]
    },
    "meta": {
        "app": "Phaser Editor 2D - Asset Pack Editor",
        "contentType": "phasereditor2d.pack.core.AssetContentType",
        "url": "https://phasereditor2d.com",
        "version": 2,
        "showAllFilesInBlocks": false
    }
}